{
    "loss": 4.396251678466797,
    "accuracy": 0.44117647409439087
}